{"fairness": 0.6643596434007392, "support": 0.667498786871301, "material": 0.6467518753757785, "fun": 0.6200062675797278, "comprehensibility": 0.6766963402881241, "interesting": 0.6494976575220496, "grade_effort": 0.6016903010738628}