{"fairness": 0.6599637102518541, "support": 0.6584380502179302, "material": 0.6673707336128425, "fun": 0.6465818823594439, "comprehensibility": 0.6773228439460018, "interesting": 0.6740029847671026, "grade_effort": 0.5695952063669099}